{
    "showImmediately": 0,
    "showOffscreenGuidance":1,
    "userInteraction": {
        "disableAll": 0,
        "disablePinch": 0,
        "disableClick": 0,
        "disableScroll": 0,
        "disbleLongPress": 0
    },
    "nodeList": [
        {
            "name": "videoPlane",
            "type": "video",
            "touchable": 1,
            "visible": 0,
            "material": {
                "common": {
                    "textureType": "video",
                    "uvUnwrapedTextureName": "res/media/bb8-render.mp4"
                 },
                "android": {
                    "defaultShaderName": "cAndroidVideoShader",
                    "textureType": "video",
                    "uvUnwrapedTextureName": "res/media/bb8-render.mp4"
                }
            },
            "position": "0,0,0",
            "scale": "854,480,480",
            "rotation": "90,0,0",
            "children": []
        }
    ]
}
