{
    "showImmediately": 1,
    "showOffscreenGuidance":1,
    "imuRelayCtrlWhenTrackLost":1,
    "userInteraction": {
        "disableAll": 0,
        "disablePinch": 0,
        "disableClick": 0,
        "disableScroll": 0,
        "disbleLongPress": 0
    },
    "nodeList": [
        {
            "name": "mainCamera",
            "type": "camera",
            "visiable": "1",
            "position": "0,0,0",
            "scale": "1,1,1",
            "rotation": "0,0,0",
            "chirlden": [],
            "cameraNodeSuppl":
            {
                "fov": 32,
                "zNear": 50,
                "zFar": 11500
            }
        },
        {
            "name": "directLightRight1",
            "type": "directLight",
            "rotation": "0,0,0",
            "children": [],
            "lightNodeSuppl": {
                "color": "255.0,255.0,255.0",
                "intensity": 0.9,
                "direction": "0, 0, 1"
            }
        },
        {
            "name": "directLightRight2",
            "type": "directLight",
            "rotation": "0,0,0",
            "children": [],
            "lightNodeSuppl": {
                "color": "255.0,255.0,255.0",
                "intensity": 0.6,
                "direction": "0, 0, -1"
            }
        },
        {
            "name": "directLightRight3",
            "type": "directLight",
            "rotation": "0,0,0",
            "children": [],
            "lightNodeSuppl": {
                "color": "255.0,255.0,255.0",
                "intensity": 0.1,
                "direction": "1, 0, 0"
            }
        },
        {
            "name": "directLightRight4",
            "type": "directLight",
            "rotation": "0,0,0",
            "children": [],
            "lightNodeSuppl": {
                "color": "255.0,255.0,255.0",
                "intensity": 0.1,
                "direction": "-1, 0, 0"
            }
        },
        {
            "name": "directLightRight5",
            "type": "directLight",
            "rotation": "0,0,0",
            "children": [],
            "lightNodeSuppl": {
                "color": "255.0,255.0,255.0",
                "intensity": 0.4,
                "direction": "0, 1, 0"
            }
        },
        {
            "name": "ambientLight",
            "type": "ambientLight",
            "position": "0,0,1",
            "children": [],
            "lightNodeSuppl": {
                "color": "255.0,255.0,255.0",
                "intensity": 0.4
            }
        },
        {
           "name": "bear1",
           "type": "pod",
           "visible": 0,
           "touchable": 1,
           "meshFileName": "res/model/BaiDu_Bear_3Dmax_Normal.pod",
           "material": {
               "common": {
                   "texturePath":"res/texture/",
                   "disableLightEffect":0
               }
           },
           "position": "0,0,0",
            "scale": "0.25,0.25,0.25",
            "rotation": "90,0,0",
            "chirlden": [],
            "podSuppl": {
                "allSubnodeTouchable":1
            }
        },
        {
           "name": "bear",
           "type": "pod",
           "visible": 1,
           "touchable": 1,
           "meshFileName": "res/model/Bear_YDH.pod",
           "material": {
               "common": {
                   "texturePath":"res/texture/",
                   "disableLightEffect":0
               }
           },
           "materialExtend": {
                "Bear_01": {
                   "type": "MESH_PHONG",
                   "offsetRepeat": "0, 0, 1, 1",
                   "shininess": 0.5
                },
                "Bear_02": {
                   "type": "MESH_PHONG",
                   "offsetRepeat": "0, 0, 1, 1",
                   "shininess": 0.5
                }
           },
           "position": "0,0,0",
            "scale": "0.25,0.25,0.25",
            "rotation": "90,0,0",
            "chirlden": [],
            "podSuppl": {
                "allSubnodeTouchable":1
            }
        },
        {
            "name": "pause",
            "type": "plane",
            "visible": 1,
            "touchable": 1,
            "material": {
                "common": {
                    "defaultShaderName": "planeShader",
                    "textureList": [
                        {
                            "textureName": "res/texture/video_pause.png"
                        }
                    ]
                }
            },
            "hudDisplay": {
                "marginLeft": 0.86,
                "marginTop": 0.9,
                "screenRatio": {
                    "screenWidthRatio": 0.12
                }
            },
            "transparentObject": 1,
            "rotation": "90,0,0",
            "children": []
        }
    ]
}



